,ID,version,HIP,TYC,UCAC,TWOMASS,SDSS,ALLWISE,GAIA,APASS,KIC,objType,typeSrc,ra,dec,POSflag,pmRA,e_pmRA,pmDEC,e_pmDEC,PMflag,plx,e_plx,PARflag,gallong,gallat,eclong,eclat,Bmag,e_Bmag,Vmag,e_Vmag,umag,e_umag,gmag,e_gmag,rmag,e_rmag,imag,e_imag,zmag,e_zmag,Jmag,e_Jmag,Hmag,e_Hmag,Kmag,e_Kmag,TWOMflag,prox,w1mag,e_w1mag,w2mag,e_w2mag,w3mag,e_w3mag,w4mag,e_w4mag,GAIAmag,e_GAIAmag,Tmag,e_Tmag,TESSflag,SPFlag,Teff,e_Teff,logg,e_logg,MH,e_MH,rad,e_rad,mass,e_mass,rho,e_rho,lumclass,lum,e_lum,d,e_d,ebv,e_ebv,numcont,contratio,disposition,duplicate_id,priority,eneg_EBV,epos_EBV,EBVflag,eneg_Mass,epos_Mass,eneg_Rad,epos_Rad,eneg_rho,epos_rho,eneg_logg,epos_logg,eneg_lum,epos_lum,eneg_dist,epos_dist,distflag,eneg_Teff,epos_Teff,TeffFlag,gaiabp,e_gaiabp,gaiarp,e_gaiarp,gaiaqflag,starchareFlag,VmagFlag,BmagFlag,splists,e_RA,e_Dec,RA_orig,Dec_orig,e_RA_orig,e_Dec_orig,raddflag,wdflag,objID
0,346418412,20190415,,,,22584380+3939414,,J225843.77+393940.9,1928634345348134400,,,STAR,tmgaia2,344.682378578147,39.6614192884142,tmgaia2,0.951579,0.125346,-8.33944,0.128532,gaia2,0.542159,0.105038,gaia2,100.428882459119,-18.2348877193425,5.1789926727886,41.7957124559977,18.003,0.096,17.515,0.046,,,,,,,,,,,15.954,0.071,15.528,0.113,15.28,0.179,ABC-222-111-000-0-0,,15.441,0.042,15.655,0.122,12.793,,9.054,,17.2901,0.000945,16.7338,0.007,rered,gaia2,5380.0,124.0,4.74944,,,,0.673838,,0.93,,3.0396,,DWARF,0.342716217,,1706.66,324.51,0.0914344,0.005666715,,,,,,0.00366211,0.00767132,panstarrs,,,,,,,,,,,269.28,379.74,bj2018,,,dered,17.7468,0.006171,16.6725,0.003823,1,,gaia2,bpbj,,2.06638631312634,1.99325363123534,344.682383900204,39.6613833824918,0.065766467152081,0.063371238877378,1,0,490472920
1,346418367,20190415,,,,22582666+3937103,,J225826.64+393710.4,1928634036110426752,,,STAR,tmgaia2,344.611000532566,39.6195767913864,tmgaia2,-6.86475,0.324128,-6.72881,0.330165,gaia2,1.71529,0.281619,gaia2,100.357480120249,-18.2480504977378,5.08690176894522,41.7881110975272,,,20.2202,0.0802,,,,,,,,,,,15.904,0.073,15.248,0.089,15.242,0.16,AAC-222-111-000-0-0,,15.026,0.033,14.933,0.068,12.818,,9.255,,18.9169,0.002599,17.6049,0.0137282,cdwrf,cdwrf,3326.0,160.0,4.83741,0.0556748,,,0.388363,0.0617794,0.378285,0.0719999,6.45811,1.9282,DWARF,0.0166287422,0.008652289,589.709,111.997,0.0916402,0.01014384,,,,,,0.0126677,0.00761998,panstarrs,,,,,,,,,,,91.92,132.075,bj2018,,,cdwrf,20.38,0.068704,17.6752,0.011448,1,,gaia2,,cooldwarfs_v8,5.34294656444427,5.12049116519067,344.61096216214,39.6195478201272,0.177674824775461,0.173306107767475,1,0,490472875
2,346418375,20190415,,,,22581392+3937504,,J225813.94+393750.3,1928634929463641216,,,STAR,tmgaia2,344.558089471707,39.6306570691551,tmgaia2,-2.96998,0.149818,-2.38089,0.160194,gaia2,0.746397,0.129801,gaia2,100.324208720307,-18.2200318240847,5.04766550898574,41.8185774163426,19.834,0.091,18.1404,0.0466,,,,,,,,,,,15.799,0.07,15.103,0.087,15.397,0.194,AAC-222-111-000-0-0,,15.092,0.036,15.254,0.081,12.435,,9.275,,17.7013,0.001137,16.9358,0.0066,rered,gaia2,4469.0,124.0,4.59687,,,,0.696863,,0.7,,2.0685,,DWARF,0.174514383,,1286.18,233.39,0.108224,0.004358555,,,,,,0.00545314,0.00326397,panstarrs,,,,,,,,,,,194.46,272.32,bj2018,,,dered,18.4093,0.014552,16.869,0.004786,1,,gaia2,bpbj,,2.46965856115795,2.48437670289816,344.558072868386,39.630646818102,0.0810364572373225,0.0824853917621372,1,0,490472883
3,346418423,20190415,,,,22581224+3941090,,,1928638090559650048,,,STAR,tmgaia2,344.550873458673,39.6858117038092,tmgaia2,-1.23005,0.165019,-2.24296,0.1951,gaia2,0.148218,0.143181,gaia2,100.344759217675,-18.1681497861932,5.07937588115348,41.8687255936275,18.427,0.143,17.897,0.046,,,,,,,,,,,16.238,0.126,16.228,0.227,15.568,0.245,BDD-222-111-cc0-0-0,,,,,,,,,,17.673,0.001234,17.1177,0.007,rered,gaia2,5391.0,125.0,4.44286,,,,0.964206,,0.94,,1.04862,,DWARF,0.70747596,,2920.98,880.395,0.092881,0.00539665,,,,,,0.00548254,0.00531076,panstarrs,,,,,,,,,,,707.83,1052.96,bj2018,,,dered,18.1346,0.008847,17.0627,0.005673,1,,gaia2,bpbj,,2.72064248997248,3.02550335449613,344.550866576735,39.6858020466204,0.087188257348703,0.0937664415840323,1,0,490472931
4,346418364,20190415,,3219-02555-1,649-113166,22582983+3936596,,J225829.81+393659.5,1928634006047883008,50924577,,STAR,tmgaia2,344.62429157617,39.6165676676462,tmgaia2,-10.2336,0.0519145,-9.96431,0.0538698,gaia2,1.92867,0.04214,gaia2,100.365737725986,-18.2552876985217,5.09660111558045,41.7802645170924,11.679,0.147,11.417,0.011,,,,,,,,,,,10.632,0.023,10.525,0.03,10.496,0.019,AAA-222-111-000-0-0,,10.444,0.022,10.461,0.02,10.284,0.072,8.418,,11.3143,0.000656,11.0586,0.0081,rered,gaia2,7336.0,124.91,4.22046,0.0804856,,,1.65523,0.0671407,1.66,0.273448,0.366042,0.0773911,DWARF,7.14907455,0.4314425,511.087,11.0955,0.0869303,0.007354105,181.0,0.03750484,,,0.0005504763,0.00956755,0.00514066,panstarrs,0.208798,0.338097,0.0563452,0.0779362,0.0635654,0.0912167,0.0666207,0.0943505,0.410918,0.451967,10.859,11.332,bj2018,105.045,144.775,dered,11.5052,0.001028,11.007,0.000766,1,,tycho2v3,tycho2b3,,0.855750562163798,0.835469825152343,344.62423437809,39.6165247657696,0.0283736726275837,0.0285491753379464,1,0,490472872
5,346418386,20190415,,,649-113158,22582448+3938250,,J225824.49+393824.9,1928634830681601024,51379956,,STAR,tmgaia2,344.602013003497,39.6402802574514,tmgaia2,1.62159,0.0596272,-4.79518,0.0616792,gaia2,1.02626,0.0523897,gaia2,100.360617371684,-18.2264248318396,5.09322616765632,41.8094258503992,17.464,0.074,16.122,0.263,,,,,,,,,,,14.474,0.04,13.931,0.042,13.863,0.052,AAA-222-111-000-0-0,,13.777,0.024,13.868,0.038,12.671,,9.246,,15.913,0.0005,15.2976,0.0071,rered,gaia2,5090.0,122.0,4.54506,,,,0.815108,,0.85,,1.56955,,DWARF,0.401787043,,948.692,48.3365,0.0993984,0.00608201,,,,,,0.00580963,0.00635439,panstarrs,,,,,,,,,,,45.928,50.745,bj2018,,,dered,16.4447,0.004338,15.2453,0.001506,1,,ucac4,bpbj,,0.982949381232929,0.956589580195104,344.602022070065,39.6402596115378,0.0323040085965266,0.0327849504511638,1,0,490472894
6,346418393,20190415,,,649-113179,22584336+3938552,,J225843.34+393855.3,1928634315285527168,50781311,,STAR,tmgaia2,344.680659516835,39.6487112161223,tmgaia2,-5.59628,0.0365559,-5.16836,0.0391824,gaia2,0.663964,0.0299379,gaia2,100.421711990749,-18.2456982874356,5.1687002804503,41.785496845444,15.277,0.026,14.765,0.149,,,,,,,,,,,13.607,0.031,13.436,0.04,13.352,0.038,AAA-222-111-000-0-0,,13.22,0.024,13.275,0.029,12.558,,9.247,,14.5908,0.000274,14.1915,0.0073,rered,gaia2,6368.0,122.0,4.26888,,,,1.36929,,1.27,,0.494669,,DWARF,2.7777915,,1442.12,62.685,0.0908243,0.00612503,,,,,,0.00439505,0.00785501,panstarrs,,,,,,,,,,,60.02,65.35,bj2018,,,dered,14.8907,0.001528,14.1294,0.000751,1,,ucac4,apassdr9,,0.602630824173243,0.607620139561477,344.680628223328,39.6486889634652,0.0196191731911715,0.0188654748381349,1,0,490472901
7,346418434,20190415,,,,22583653+3942159,,J225836.53+394215.7,1928635380437410688,,,STAR,tmgaia2,344.652251487862,39.7043873000067,tmgaia2,-3.69334,0.126338,-3.20622,0.128972,gaia2,0.469042,0.107493,gaia2,100.427017216532,-18.186095522065,5.1819988513352,41.8444853868622,18.922,0.087,17.763,0.0462,,,,,,,,,,,15.591,0.061,15.031,0.081,15.255,0.177,AAC-222-111-000-0-0,,14.833,0.031,14.806,0.064,12.781,,8.928,,17.3636,0.000946,16.6315,0.0068,rered,gaia2,4547.0,123.0,4.19066,,,,1.12815,,0.72,,0.501452,,DWARF,0.4901512,,1912.91,406.99,0.0918943,0.005339545,,,,,,0.00334308,0.00733601,panstarrs,,,,,,,,,,,332.16,481.82,bj2018,,,dered,18.0443,0.010037,16.5793,0.003225,1,,gaia2,bpbj,,2.0830075316614,2.00020501229637,344.652230818638,39.7043734954501,0.0658443720251195,0.0674923614903067,1,0,490472942
8,346337777,20190415,,,649-113139,22580977+3940592,,J225809.82+394059.3,1928638163576215552,,,STAR,tmgaia2,344.540772773112,39.6831612320314,tmgaia2,38.5735,0.0300332,0.694864,0.0313298,gaia2,2.21513,0.0251876,gaia2,100.336190564767,-18.1670709487467,5.06859466401064,41.8704554801685,15.892,0.067,14.341,0.137,,,,,,,,,,,12.736,0.027,12.259,0.033,12.236,0.02,AAA-222-111-000-0-0,,12.143,0.023,12.184,0.023,12.3,0.355,9.131,,14.0809,0.000217,13.5176,0.009,rered,gaia2,5249.0,122.0,4.59411,,,,0.79268,,0.9,,1.80696,,DWARF,0.429730624,,445.679,5.0415,0.0664632,0.01087505,,,,,,0.0105991,0.011151,panstarrs,,,,,,,,,,,4.985,5.098,bj2018,,,dered,14.5541,0.001297,13.463,0.000862,1,,ucac4,bpbj,,0.495153949721577,0.485891286640097,344.540988577556,39.6831642240067,0.016037902585285,0.0164749813705237,1,0,490467431
9,346337793,20190415,,,,22580874+3939183,,J225808.75+393918.8,1928637953120657280,,,STAR,tmgaia2,344.536496179121,39.6551568805413,tmgaia2,-7.55609,0.0917567,3.66428,0.0942757,gaia2,0.529733,0.0835928,gaia2,100.319987765358,-18.1906951474283,5.04545027387926,41.8481408011148,17.906,0.082,16.9261,0.0459,,,,,,,,,,,15.256,0.052,14.769,0.071,14.706,0.107,AAB-222-111-000-0-0,,14.727,0.031,14.806,0.067,12.078,,8.649,,16.6818,0.000806,16.101,0.0066,rered,gaia2,5310.0,123.0,4.42484,,,,0.968579,,0.91,,1.00147,,DWARF,0.6719588,,1756.51,271.54,0.109891,0.00407085,,,,,,0.00543859,0.00270311,panstarrs,,,,,,,,,,,232.9,310.18,bj2018,,,dered,17.1658,0.005533,16.0414,0.002474,1,,gaia2,bpbj,,1.51265779816005,1.46209912622939,344.536453922728,39.6551726573102,0.0492638933085068,0.0491329980820946,1,0,490467447
10,346337774,20190415,,,649-113141,22581121+3941070,,J225811.21+394107.0,1928638094856738944,,,STAR,tmgaia2,344.54677320816,39.6853514837328,tmgaia2,-6.91464,0.0302634,-4.9709,0.0358842,gaia2,1.12238,0.0255072,gaia2,100.341568763422,-18.1671604049741,5.07542515449312,41.8699556443282,14.961,0.069,14.149,0.103,,,,,,,,,,,12.571,0.029,12.172,0.032,12.063,0.022,AAA-222-111-000-0-0,,12.041,0.023,12.083,0.022,11.476,0.168,9.115,,13.908,0.000221,13.3701,0.0076,rered,gaia2,5455.0,122.0,4.02873,,,,1.56146,,0.95,,0.249534,,DWARF,1.94507337,,868.775,19.402,0.0833836,0.00746243,,,,,,0.00882695,0.00609791,panstarrs,,,,,,,,,,,18.977,19.827,bj2018,,,dered,14.3464,0.000884,13.31,0.000698,1,,ucac4,bpbj,,0.498951802705914,0.556500572880213,344.546734522084,39.6853300812531,0.0161352335375285,0.0181321358365451,1,0,490467428
11,346418397,20190415,,,,22582201+3939011,,J225822.01+393901.1,1928634865041337472,,,STAR,tmgaia2,344.591756308893,39.6503262472584,tmgaia2,1.85794,0.101267,-2.60281,0.105027,gaia2,0.592627,0.0876668,gaia2,100.357858191823,-18.2139177331777,5.0910755201189,41.8221036717738,17.369,0.084,17.106,0.0459,,,,,,,,,,,15.516,0.055,14.948,0.084,14.857,0.123,AAB-222-111-000-0-0,,14.818,0.03,14.868,0.06,12.743,,8.811,,16.8375,0.000831,16.2287,0.0066,rered,gaia2,5158.0,123.0,4.49373,,,,0.874839,,0.87,,1.29938,,DWARF,0.488063365,,1590.16,231.41,0.10937,0.00412817,,,,,,0.0051158,0.00314054,panstarrs,,,,,,,,,,,200.08,262.74,bj2018,,,dered,17.3651,0.005699,16.1812,0.003202,1,,gaia2,bpbj,,1.6693877441218,1.6288535923676,344.591766698441,39.6503150407158,0.0535371101204654,0.0551849864238424,1,0,490472905
12,346418419,20190415,,,649-113142,22581201+3940315,,J225812.02+394031.5,1928638094856739968,50780968,,STAR,tmgaia2,344.550114964392,39.6754157751643,tmgaia2,2.49251,0.0309559,5.40835,0.0331795,gaia2,0.819889,0.0266179,gaia2,100.339348331242,-18.1772044122631,5.07151724873175,41.8601137412354,15.1,0.055,14.368,0.126,,,,,,,,,,,12.985,0.029,12.669,0.035,12.61,0.031,AAA-222-111-000-0-0,,12.509,0.023,12.548,0.024,12.2,0.305,9.326,,14.1733,0.000215,13.674,0.0074,rered,gaia2,5715.0,122.0,3.98517,,,,1.70118,,1.02,,0.207182,,DWARF,2.78136683,,1178.1,37.225,0.0897187,0.00669317,,,,,,0.00736854,0.0060178,panstarrs,,,,,,,,,,,36.07,38.38,bj2018,,,dered,14.5729,0.001311,13.6157,0.000678,1,,ucac4,apassdr9,,0.510358879208804,0.514579435887746,344.550128907498,39.6754390611167,0.0166806130227424,0.0174860851389885,1,0,490472927
13,346418394,20190415,,,,22584272+3938581,,,1928634310988379392,,,STAR,tmgaia2,344.678235322542,39.6497029386028,tmgaia2,-3.39339,0.237245,-3.80204,0.264368,gaia2,0.43699,0.202402,gaia2,100.420411671872,-18.2439829419652,5.16723807662725,41.7873075968847,19.308,0.157,18.7118,0.0468,,,,,,,,,,,16.648,0.141,15.939,0.189,15.452,0.206,BCC-222-111-cc0-0-0,,,,,,,,,,18.3767,0.001829,17.701,0.007,rered,gaia2,4775.0,128.0,4.77483,,,,0.595477,,0.77,,3.64666,,DWARF,0.1660805,,1844.12,649.44,0.0917466,0.00543094,,,,,,0.00341246,0.00744942,panstarrs,,,,,,,,,,,484.71,814.17,bj2018,,,dered,18.8812,0.017457,17.5469,0.009151,1,,gaia2,bpbj,,3.91094861200555,4.09957722749901,344.678216346973,39.6496865687098,0.124437232801407,0.123916797136127,1,0,490472902
14,346418396,20190415,,,,22584157+3939010,,J225841.62+393901.1,1928634310988379904,,,STAR,tmgaia2,344.673309774407,39.6502833777701,tmgaia2,17.0972,0.204256,-3.52079,0.217779,gaia2,1.28799,0.175183,gaia2,100.417101389664,-18.2417839551003,5.16327716751405,41.7897566227877,20.617,0.188,18.7688,0.0471,,,,,,,,,,,16.009,0.09,15.242,0.079,15.117,0.157,AAC-222-111-000-0-0,,14.991,0.035,14.857,0.064,12.02,,9.017,,18.1721,0.001504,17.2354,0.00885401,cdwrf,cdwrf,3957.0,157.0,4.74334,0.0504852,,,0.493224,0.0589649,0.491319,0.0606144,4.09478,0.990623,DWARF,0.05373377,0.0216324963,769.578,113.026,0.0855607,0.00697016,,,,,,0.0062556,0.00768472,panstarrs,,,,,,,,,,,97.198,128.854,bj2018,,,cdwrf,19.0448,0.015851,17.236,0.005402,1,,gaia2,bpbj,cooldwarfs_v8,3.36717693218049,3.37723633354987,344.673405381404,39.6502682188522,0.108424682262236,0.10593416634456,1,0,490472904
15,346418415,20190415,,,,22581399+3939591,,J225814.01+393959.0,1928635139919241984,,,STAR,tmgaia2,344.558385136648,39.6664341958125,tmgaia2,-1.20598,0.10823,-3.89287,0.124035,gaia2,0.846807,0.093409,gaia2,100.341152231956,-18.1880788915728,5.0726373196911,41.8491366976217,18.616,0.08,17.4,0.0462,,,,,,,,,,,15.32,0.05,14.724,0.072,14.559,0.089,AAA-222-111-000-0-0,,14.502,0.029,14.598,0.053,12.702,,8.723,,17.0082,0.000985,16.2807,0.0065,rered,gaia2,4603.0,123.0,4.51469,,,,0.782255,,0.73,,1.52503,,DWARF,0.247488618,,1143.59,127.285,0.107256,0.004227045,,,,,,0.00566322,0.00279087,panstarrs,,,,,,,,,,,113.71,140.86,bj2018,,,dered,17.6802,0.00963,16.23,0.003598,1,,gaia2,bpbj,,1.78426668504153,1.92351657462063,344.55837839127,39.6664174348445,0.057325620243003,0.0612074222134967,1,0,490472923
16,346418425,20190415,,,,22582446+3941303,,J225824.46+394130.1,1928635517876363264,,,STAR,tmgaia2,344.601976177157,39.6917728002427,tmgaia2,-3.89844,0.0935091,-0.741272,0.0952358,gaia2,0.131244,0.0780887,gaia2,100.384633349805,-18.180262065421,5.12876227067678,41.8535889960558,17.221,0.095,16.9287,0.0459,,,,,,,,,,,15.654,0.071,15.16,0.094,15.076,0.155,AAB-222-111-000-0-0,,15.194,0.036,15.139,0.079,12.655,,8.981,,16.7671,0.00064,16.3004,0.007,rered,gaia2,5938.0,124.0,4.08862,,,,1.55395,,1.08,,0.287817,,DWARF,2.704749,,3843.61,886.945,0.0929121,0.00540845,,,,,,0.00542031,0.00539659,panstarrs,,,,,,,,,,,742.19,1031.7,bj2018,,,dered,17.132,0.005663,16.2399,0.002737,1,,gaia2,bpbj,,1.54169235213716,1.47694026896885,344.601954364109,39.6917696086569,0.0492086705937633,0.0481587926320908,1,0,490472933
17,346418436,20190415,,,,22582170+3942185,,,1928635582298771712,,,STAR,tmgaia2,344.590479809768,39.7050488739406,tmgaia2,-2.17401,0.193652,-4.06655,0.189889,gaia2,0.392789,0.159014,gaia2,100.382487188244,-18.1644399584466,5.12775969840294,41.8695244766669,17.765,0.152,18.1257,0.0464,,,,,,,,,,,16.54,0.137,15.787,0.155,16.903,,BBU-220-110-c00-0-0,,,,,,,,,,17.8611,0.001383,17.2576,0.007,rered,gaia2,5125.0,128.0,4.68712,,,,0.696183,,0.86,,2.54875,,DWARF,0.301243126,,2040.41,625.17,0.0918403,0.005417745,,,,,,0.00468941,0.00614608,panstarrs,,,,,,,,,,,481.38,768.96,bj2018,,,dered,18.3671,0.014621,17.1926,0.006514,1,,gaia2,bpbj,,3.19283971265847,2.94477990642394,344.59046764313,39.7050313651841,0.100307680537305,0.093991926025205,1,0,490472944
18,346418438,20190415,,,649-113154,22582127+3942384,,J225821.27+394238.3,1928638541533336832,50781076,,STAR,tmgaia2,344.588674061512,39.710662849398,tmgaia2,-8.51087,0.0332428,-6.21901,0.0328504,gaia2,0.631181,0.0250041,gaia2,100.383797966286,-18.1587923624801,5.13004311103467,41.875052180123,14.757,0.081,14.256,0.092,,,,,,,,,,,13.083,0.027,12.791,0.032,12.78,0.028,AAA-222-111-000-0-0,,12.709,0.022,12.746,0.024,12.202,,9.172,,14.0927,0.000232,13.6892,0.0073,rered,gaia2,6341.0,122.0,4.01598,,,,1.82485,,1.26,,0.207342,,DWARF,4.85044765,,1513.73,57.68,0.0911443,0.00594062,,,,,,0.00544556,0.00643568,panstarrs,,,,,,,,,,,55.53,59.83,bj2018,,,dered,14.3951,0.001383,13.6256,0.000947,1,,ucac4,apassdr9,,0.548122178109843,0.509465407356516,344.588626427371,39.7106360731145,0.0178913599687937,0.0170149011017043,1,0,490472946
19,346337789,20190415,,,,22581017+3939424,,J225810.17+393942.6,1928637991777526016,,,STAR,tmgaia2,344.542430013621,39.6618349163523,tmgaia2,-1.92323,0.125647,2.82762,0.124218,gaia2,0.675796,0.102862,gaia2,100.327419216121,-18.1867429928077,5.05532249039315,41.8515152515374,18.314,0.095,17.4823,0.046,,,,,,,,,,,15.617,0.07,15.105,0.084,15.021,0.138,AAB-222-111-000-0-0,,15.017,0.034,15.178,0.082,12.605,,9.34,,17.1932,0.000877,16.5621,0.0066,rered,gaia2,5042.0,124.0,4.67651,,,,0.696499,,0.84,,2.4861,,DWARF,0.282453269,,1409.98,218.095,0.109008,0.00429926,,,,,,0.0055559,0.00304262,panstarrs,,,,,,,,,,,186.69,249.5,bj2018,,,dered,17.7261,0.006854,16.4937,0.005854,1,,gaia2,bpbj,,2.07143924518768,1.92641650453197,344.542419257183,39.6618470908279,0.0686277255566501,0.0632159417565371,1,0,490467443
20,346418359,20190415,,,,22582927+3936028,,J225829.28+393602.5,1928633967390916992,,,STAR,tmgaia2,344.621996482801,39.600712354145,tmgaia2,-2.18494,0.199145,-2.60457,0.204758,gaia2,0.180669,0.167412,gaia2,100.356665786049,-18.2687152406122,5.08363418823958,41.7675759588816,18.957,0.148,18.3122,0.0462,,,,,,,,,,,16.594,0.131,16.493,0.271,16.767,,BDU-220-110-000-0-0,,16.359,0.065,16.695,,12.69,,9.081,,18.0884,0.001427,17.5329,0.0072,rered,gaia2,5436.0,128.0,4.70686,,,,0.715259,,0.95,,2.59617,,DWARF,0.402475446,,2634.8,845.685,0.104967,0.00584318,,,,,,0.00419201,0.00749435,panstarrs,,,,,,,,,,,670.25,1021.12,bj2018,,,dered,18.5325,0.010577,17.4609,0.008577,1,,gaia2,bpbj,,3.28235199974694,3.17542439991773,344.621984273436,39.6007011400247,0.103877606456859,0.103137794197284,1,0,490472867
21,346418366,20190415,,,,22581522+3937073,,J225815.22+393707.3,1928634727602386176,,,STAR,tmgaia2,344.563427612847,39.618712704888,tmgaia2,-0.444769,0.104248,5.10646,0.113269,gaia2,0.577603,0.0894316,gaia2,100.322501070779,-18.2325594989415,5.04415203556091,41.8062195916417,18.359,0.089,17.3351,0.0461,,,,,,,,,,,15.4,0.063,14.757,0.074,14.615,0.096,AAA-222-111-000-0-0,,14.7,0.031,14.875,0.065,12.689,0.481,9.251,,17.0119,0.000849,16.3461,0.0065,rered,gaia2,4875.0,124.0,4.38359,,,,0.952327,,0.8,,0.926258,,DWARF,0.461493224,,1625.84,250.15,0.109531,0.00411093,,,,,,0.00523158,0.00299028,panstarrs,,,,,,,,,,,214.56,285.74,bj2018,,,dered,17.5947,0.009093,16.286,0.003883,1,,gaia2,bpbj,,1.71839762243171,1.75660549243585,344.563425126848,39.6187346910352,0.0563015674670166,0.0573364005283073,1,0,490472874
22,346418382,20190415,,,,22581309+3938078,,J225813.14+393807.5,1928634933760813824,,,STAR,tmgaia2,344.554660042241,39.6355177525066,tmgaia2,-1.72456,0.176726,-1.93613,0.183725,gaia2,0.0911702,0.149621,gaia2,100.323990887966,-18.214503791456,5.04798220309384,41.8241042832532,18.939,0.283,18.2014,0.0462,,,,,,,,,,,17.264,0.271,15.958,0.161,15.556,0.202,DCD-222-111-000-0-0,,16.195,0.063,16.758,0.303,12.869,,9.193,,17.9746,0.001795,17.4152,0.0068,rered,gaia2,5434.0,129.0,4.5226,,,,0.884288,,0.95,,1.37386,,DWARF,0.6142718,,3066.84,939.055,0.110311,0.004082975,,,,,,0.005405,0.00276095,panstarrs,,,,,,,,,,,759.81,1118.3,bj2018,,,dered,18.42,0.012257,17.3407,0.007767,1,,gaia2,bpbj,,2.91318695526701,2.84923667327749,344.554650400615,39.6355094163916,0.0931764468237664,0.0924161860452036,1,0,490472890
23,346418387,20190415,,,,22583120+3938251,,J225831.21+393824.9,1928634452724479744,,,STAR,tmgaia2,344.629996624526,39.6402954370543,tmgaia2,-0.605116,0.131858,-3.14264,0.138302,gaia2,0.668769,0.11335,gaia2,100.380960140879,-18.2359665373988,5.11802530215533,41.7983517913091,19.42,0.088,17.843,0.0468,,,,,,,,,,,15.477,0.066,14.799,0.07,14.642,0.091,AAA-222-111-000-0-0,,14.509,0.029,14.689,0.056,12.327,,8.806,,17.3704,0.000972,16.5806,0.0068,rered,gaia2,4375.0,124.0,4.31698,,,,0.94798,,0.68,,0.798198,,DWARF,0.296623617,,1421.29,243.525,0.10239,0.005616045,,,,,,0.00369939,0.0075327,panstarrs,,,,,,,,,,,205.17,281.88,bj2018,,,dered,18.1222,0.015895,16.5211,0.00345,1,,gaia2,bpbj,,2.17360662675105,2.14479214539044,344.629993241225,39.6402819062431,0.0695322646317413,0.0690298280999912,1,0,490472895
24,346418392,20190415,,,,22582715+3938478,,J225827.14+393847.3,1928634826384450048,,,STAR,tmgaia2,344.613142845008,39.6466275303045,tmgaia2,-1.91703,0.098678,-3.14176,0.0884424,gaia2,0.272947,0.0761653,gaia2,100.371668171862,-18.2245371597631,5.10746714831982,41.8104588025648,16.447,0.084,16.8209,0.0459,,,,,,,,,,,15.333,0.059,14.973,0.077,14.814,0.112,AAB-222-111-000-0-0,,14.727,0.03,14.847,0.062,12.359,,9.223,,16.6249,0.000689,16.1066,0.0071,rered,gaia2,5658.0,123.0,4.14437,,,,1.40232,,1.0,,0.362624,,DWARF,1.81569147,,2881.33,595.875,0.104978,0.005788005,,,,,,0.00408114,0.00749487,panstarrs,,,,,,,,,,,495.3,696.45,bj2018,,,dered,17.0345,0.004091,16.0391,0.003324,1,,gaia2,bpbj,,1.62682060363527,1.37167707450512,344.613132125604,39.6466140032827,0.0561193863165096,0.0474187086611858,1,0,490472900
25,346418416,20190415,,,,22583267+3940047,,J225832.69+394004.7,1928635242998460160,,,STAR,tmgaia2,344.636147968192,39.6679482781655,tmgaia2,0.187164,0.150762,-1.37527,0.16678,gaia2,0.44952,0.131669,gaia2,100.398331594886,-18.2132760742699,5.14256410702795,41.8196253883522,19.217,0.101,17.8952,0.0468,,,,,,,,,,,15.915,0.079,15.179,0.094,15.264,0.188,AAC-222-111-000-0-0,,15.214,0.038,15.413,0.099,12.543,,8.805,,17.5477,0.001135,16.8605,0.0068,rered,gaia2,4725.0,127.0,4.37152,,,,0.941202,,0.76,,0.911517,,DWARF,0.39780286,,1933.57,500.35,0.0919376,0.00535484,,,,,,0.00340345,0.00730623,panstarrs,,,,,,,,,,,394.57,606.13,bj2018,,,dered,18.1675,0.018669,16.8071,0.00455,1,,gaia2,bpbj,,2.48542017240598,2.58636071702192,344.636149015075,39.6679423568641,0.0787251998064472,0.08106448330895,1,0,490472924
26,518449238,20190415,,,,,,,1928635139916736256,,,STAR,tmgaia2,344.567333587485,39.6608753708989,tmgaia2,0.0,,0.0,,,,,,100.345043460221,-18.1961201253274,5.07673646860062,41.8408249581304,,,,,,,,,,,,,,,,,,,,,,,,,,,,,,,17.4554,0.00292,17.0254,0.6,goffs,,,,,,,,,,,,,,,,,,,,,,,,346418411.0,,,,,,,,,,,,,,,,,,,,,,0.0,,0.0,-1,,,,,1.36143815689141,0.68982712460712,344.567333587485,39.6608753708989,1.36143815689141,0.68982712460712,-1,-1,490698560
27,2041331812,20190415,,,,,,,1928635066902624128,,,STAR,gaia2,344.572857155465,39.650151335124,gaia2,2.20744,0.285388,-3.14237,0.311304,gaia2,-0.0041785,0.238778,gaia2,100.344049332323,-18.2076157740357,5.07421111654677,41.8294417846554,,,18.9997,0.0484,,,,,,,,,,,,,,,,,,,,,,,,,,,18.5133,0.002032,17.7126,0.0067,rered,gaia2,4355.0,128.0,4.21115,,,,1.07082,,0.68,,0.553812,,DWARF,0.3716025,,2653.99,959.39,0.110294,0.00409416,,,,,,0.00542551,0.00276281,panstarrs,,,,,,,,,,,763.67,1155.11,bj2018,,,dered,19.2867,0.024546,17.6611,0.011581,1,,gaia2,,,4.70439122497071,4.8275132541516,344.572869499375,39.6501378054759,0.143432642290966,0.149041517924899,1,0,490780089
28,346337771,20190415,,,,22581042+3941165,,J225810.48+394116.3,1928638163576215296,,,STAR,tmgaia2,344.543481040956,39.6879821247844,tmgaia2,13.1362,0.0730933,23.0625,0.0774032,gaia2,1.45227,0.0624083,gaia2,100.340410003709,-18.1636780807413,5.074327400245,41.8735152234473,18.552,0.17,16.7891,0.046,,,,,,,,,,,14.398,0.035,13.693,0.038,13.617,0.044,AAA-222-111-000-0-0,,13.719,0.054,13.732,0.054,11.96,,8.668,,16.3221,0.000614,15.5394,0.0072,rered,gaia2,4345.0,122.0,4.55061,,,,0.724412,,0.68,,1.78876,,DWARF,0.168509841,,676.179,28.7925,0.0788069,0.00750677,,,,,,0.00871352,0.00630002,panstarrs,,,,,,,,,,,27.591,29.994,bj2018,,,dered,17.0694,0.007258,15.4782,0.001515,1,,gaia2,bpbj,,1.20509760757725,1.20041283338781,344.543554538257,39.6880814216794,0.0389710508714623,0.0398982187820878,1,0,490467425
29,346337825,20190415,,,,22581126+3937335,,J225811.26+393733.7,1928633456292065152,,,STAR,tmgaia2,344.546947106031,39.6260407473068,tmgaia2,0.38389,0.0947386,-0.032292,0.104781,gaia2,0.00106993,0.082872,gaia2,100.313955332739,-18.2203545305152,5.03460431368608,41.8190338950596,19.308,0.169,17.398,0.0464,,,,,,,,,,,14.766,0.036,13.918,0.036,13.802,0.054,AAA-222-111-000-0-0,,13.708,0.025,13.719,0.037,12.346,,9.321,,16.8592,0.001625,16.0229,0.0066,rered,gaia2,4221.0,123.0,,,,,4.47367,,,,,,GIANT,,,4699.66,1106.21,0.110322,0.004079665,,,,,,0.00539823,0.0027611,panstarrs,,,,,,,,,,,943.95,1268.48,bj2018,,,dered,17.6858,0.010762,15.9707,0.004209,1,,gaia2,bpbj,,1.56164647042541,1.6249363617738,344.546949251979,39.6260406082718,0.0500416451877807,0.0519567578320051,0,0,490467479
30,346418370,20190415,,,,22583653+3937197,,J225836.50+393719.4,1928634173549382400,,,STAR,tmgaia2,344.652299646482,39.6221324659257,tmgaia2,3.24899,0.14945,-1.28573,0.167244,gaia2,0.234327,0.129319,gaia2,100.388700131153,-18.2598602649118,5.12524940461821,41.773940139887,17.926,0.134,17.8312,0.046,,,,,,,,,,,16.329,0.117,16.163,0.21,16.427,,BCU-220-110-000-0-0,,15.993,0.054,15.913,0.15,12.662,,9.097,,17.6645,0.001053,17.1896,0.0072,rered,gaia2,5937.0,126.0,4.74302,,,,0.731539,,1.08,,2.75874,,DWARF,0.599015534,,2693.49,777.87,0.10497,0.005825845,,,,,,0.00415721,0.00749448,panstarrs,,,,,,,,,,,619.54,936.2,bj2018,,,dered,18.0265,0.007922,17.1183,0.006035,1,,gaia2,bpbj,,2.46350212203417,2.59359776639036,344.652317807338,39.6221269301451,0.0800937292219659,0.0826039121414015,1,0,490472878
31,346418372,20190415,,,,22582200+3937343,,J225822.02+393734.4,1928634792024681216,,,STAR,tmgaia2,344.591699432313,39.6262639557107,tmgaia2,2.23728,0.17469,1.73375,0.204055,gaia2,0.309611,0.155648,gaia2,100.346575283274,-18.2354617171271,5.07441503694274,41.8014930812537,19.236,0.149,18.0774,0.0461,,,,,,,,,,,16.412,0.132,15.685,0.131,15.493,0.227,BBD-222-111-000-0-0,,15.705,0.046,15.737,0.114,12.367,,9.154,,17.8006,0.00125,17.1829,0.0071,rered,gaia2,5096.0,125.0,4.5342,,,,0.830202,,0.86,,1.50296,,DWARF,0.4187739,,2295.65,720.765,0.104787,0.005878755,,,,,,0.00415515,0.00760236,panstarrs,,,,,,,,,,,559.41,882.12,bj2018,,,dered,18.3349,0.00917,17.1312,0.005487,1,,gaia2,bpbj,,2.87962533489708,3.16457919695459,344.591711938767,39.6262714204684,0.0946825829661566,0.104525389458828,1,0,490472880
32,346418377,20190415,,,,22583668+3937597,,J225836.73+393759.6,1928634418364742912,,,STAR,tmgaia2,344.652954716162,39.6332470190265,tmgaia2,-2.66615,0.159724,-9.83905,0.158154,gaia2,0.461506,0.129752,gaia2,100.394360556339,-18.2501190458109,5.13349622296596,41.7832119827842,18.44,0.112,17.8739,0.0461,,,,,,,,,,,16.175,0.091,15.67,0.134,15.843,,ABU-220-110-000-0-0,,15.67,0.045,15.828,0.134,12.776,,9.055,,17.6518,0.001149,17.0987,0.0072,rered,gaia2,5446.0,127.0,4.81974,,,,0.628097,,0.95,,3.83391,,DWARF,0.312650681,,1901.73,481.09,0.104303,0.005988545,,,,,,0.00410633,0.00787076,panstarrs,,,,,,,,,,,380.61,581.57,bj2018,,,dered,18.0988,0.010035,17.0319,0.006477,1,,gaia2,bpbj,,2.63299457374286,2.45263770781562,344.652939810809,39.6332046564507,0.0870166551836411,0.0783166778539495,1,0,490472885
33,346418380,20190415,,,,22584247+3938022,,,1928634242269299840,,,STAR,tmgaia2,344.676997246381,39.6339409417903,tmgaia2,0.619991,0.154407,-7.68469,0.160621,gaia2,0.68157,0.1292,gaia2,100.412165996716,-18.2576952323013,5.15526735578934,41.7742820060166,16.446,0.062,18.0256,0.0463,,,,,,,,,,,14.728,,15.249,0.107,14.846,0.117,UAB-622-022-0cc-0-0,,,,,,,,,,17.588,0.001139,16.8244,0.0068,rered,gaia2,4463.0,123.0,4.4846,,,,0.793016,,0.7,,1.40363,,DWARF,0.224784672,,1394.68,271.125,0.102222,0.005585765,,,,,,0.00375119,0.00742034,panstarrs,,,,,,,,,,,223.4,318.85,bj2018,,,dered,18.2822,0.009878,16.7447,0.004722,1,,gaia2,bpbj,,2.54529257595264,2.4908618991112,344.677000712532,39.6339078549304,0.082323591771271,0.0784720981852983,1,0,490472888
34,346418381,20190415,,,,22581701+3938062,,J225816.99+393806.3,1928634757664956544,,,STAR,tmgaia2,344.570793298307,39.6350839962151,tmgaia2,2.37686,0.278275,1.62495,0.29807,gaia2,0.58526,0.242555,gaia2,100.335507273549,-18.2204107878602,5.06197877477159,41.8173398642933,20.765,0.218,19.2895,0.0549,,,,,,,,,,,16.523,0.14,15.845,0.15,15.187,0.176,BCC-222-111-000-0-0,,15.583,0.044,15.552,0.106,12.49,,9.21,,18.6552,0.00181,17.7608,0.0066,rered,gaia2,4027.0,128.0,4.50313,,,,0.736443,,0.63,,1.57733,,DWARF,0.128498882,,1521.45,584.545,0.10925,0.00443577,,,,,,0.00566537,0.00320617,panstarrs,,,,,,,,,,,419.18,749.91,bj2018,,,dered,19.5432,0.044167,17.6759,0.013126,1,,gaia2,bpbj,,4.58725055217372,4.62259444043063,344.570806586711,39.6350909925284,0.150245624187157,0.152295612133642,1,0,490472889
35,346418385,20190415,,,,22583404+3938199,,J225834.02+393819.7,1928634379707840000,,,STAR,tmgaia2,344.6417562381,39.6389125284997,tmgaia2,-8.96549,0.295165,-2.58872,0.320306,gaia2,1.75563,0.257554,gaia2,100.3888623013,-18.2412193070307,5.12748682475011,41.7925069258264,,,19.7119,0.0583,,,,,,,,,,,16.002,0.096,15.429,0.114,15.132,0.148,ABC-222-111-000-0-0,,14.924,0.032,14.876,0.066,12.66,,8.615,,18.6437,0.002072,17.4414,0.0114933,cdwrf,cdwrf,3464.0,158.0,4.83115,0.0489395,,,0.395119,0.0551249,0.385959,0.0643031,6.25687,1.62555,DWARF,0.0202517267,0.009496031,573.347,94.7115,0.0902396,0.0100221047,,,,,,0.0119734,0.00807081,panstarrs,,,,,,,,,,,79.797,109.626,bj2018,,,cdwrf,19.9346,0.041203,17.4914,0.009126,1,,gaia2,,cooldwarfs_v8,4.86571680864914,4.96728643921782,344.64170611161,39.6389013826326,0.158841188247056,0.158938708904548,1,0,490472893
36,346418388,20190415,,,,22582701+3938398,,,1928634830681601152,,,STAR,tmgaia2,344.612586228269,39.6444010774705,tmgaia2,-2.44228,0.134016,-4.80302,0.135122,gaia2,0.474097,0.11722,gaia2,100.370224264972,-18.2263426671097,5.10543712659451,41.8087702229789,18.639,0.1,17.7128,0.0461,,,,,,,,,,,15.796,0.077,15.536,0.123,15.279,0.168,ABC-222-111-000-0-0,,,,,,,,,,17.4105,0.000992,16.7659,0.007,rered,gaia2,4960.0,124.0,4.47041,,,,0.872439,,0.82,,1.23483,,DWARF,0.4150417,,1883.77,434.43,0.104261,0.00597389,,,,,,0.00406284,0.00788494,panstarrs,,,,,,,,,,,349.23,519.63,bj2018,,,dered,17.9646,0.007827,16.7021,0.00483,1,,gaia2,bpbj,,2.20924073153275,2.09561388454719,344.612572572279,39.6443803978017,0.071670392791113,0.0715813678686631,1,0,490472896
37,346418391,20190415,,,,22581755+3938470,,J225817.57+393846.6,1928634968120551808,,,STAR,tmgaia2,344.573171164014,39.6463118637899,tmgaia2,2.52229,0.172423,-1.25935,0.186747,gaia2,0.507999,0.146981,gaia2,100.342482872163,-18.2111634231295,5.07183787853673,41.8260252562359,19.035,0.126,17.9385,0.0461,,,,,,,,,,,16.214,0.107,15.717,0.131,15.37,,ABU-220-110-000-0-0,,15.663,0.046,15.792,0.133,12.705,,8.962,,17.6842,0.001252,17.0916,0.0066,rered,gaia2,5246.0,125.0,4.79609,,,,0.628221,,0.9,,3.62999,,DWARF,0.26929763,,1755.4,475.445,0.10989,0.00410624,,,,,,0.00550015,0.00271233,panstarrs,,,,,,,,,,,369.72,581.17,bj2018,,,dered,18.1808,0.010787,17.0315,0.003936,1,,gaia2,bpbj,,2.84229441852804,2.89614330598093,344.573185267769,39.6463064415893,0.0890930780756331,0.0951911556599535,1,0,490472899
38,346418399,20190415,,,649-113152,22582017+3939069,,J225820.17+393906.8,1928634865041336576,,,STAR,tmgaia2,344.584093650186,39.6518987830107,tmgaia2,-5.63727,0.0852966,-4.05859,0.0950751,gaia2,0.663976,0.0758918,gaia2,100.353026973463,-18.2098903379843,5.08537299438898,41.8264880344242,17.24,0.077,16.36,1.133,,,,,,,,,,,14.972,0.044,14.458,0.043,14.51,0.095,AAA-222-111-000-0-0,,14.313,0.027,14.248,0.045,12.651,,8.815,,16.3808,0.000684,15.7961,0.0066,rered,gaia2,5286.0,122.0,4.4701,,,,0.919401,,0.91,,1.17092,,DWARF,0.5945843,,1437.17,162.375,0.109115,0.00421492,,,,,,0.00544929,0.00298055,panstarrs,,,,,,,,,,,144.91,179.84,bj2018,,,dered,16.8734,0.003318,15.7407,0.00235,1,,ucac4,bpbj,,1.40612114092291,1.47441235632288,344.584062126016,39.6518813085303,0.0450543669888092,0.0469687578628374,1,0,490472907
39,346418409,20190415,,3219-01535-1,649-113163,22582641+3939318,,J225826.34+393931.5,1928635273060384768,50924572,,STAR,tmgaia2,344.610092662214,39.6588760168157,tmgaia2,-79.0499,0.044021,-38.0288,0.0447589,gaia2,8.86938,0.0360883,gaia2,100.375170435572,-18.2125174446635,5.11322242045361,41.8221695740397,13.136,0.276,11.741,0.04,,,,,,,,,,,10.108,0.026,9.603,0.03,9.535,0.022,AAA-222-111-000-0-0,,9.462,0.022,9.525,0.02,9.432,0.034,8.413,,11.5051,0.000572,10.9243,0.0061,rered,gaia2,4993.0,127.12,4.66918,0.0887258,,,0.696945,0.04299,0.827,0.103223,2.44293,0.620161,DWARF,0.271980554,0.0109383,112.383,0.459,0.0179932,0.0124138147,171.0,0.03852341,,,0.00221117679,0.00909803,0.0157296,panstarrs,0.0832613,0.123185,0.0445025,0.0414774,0.64493,0.595393,0.110159,0.0672926,0.0103323,0.0115443,0.457,0.461,bj2018,133.485,120.756,dered,12.0084,0.001351,10.8739,0.000755,1,,tycho2v3,tycho2b3,,0.725701487782037,0.694164180195323,344.609650562745,39.6587122825413,0.0231362796810682,0.0235982684437172,1,0,490472917
40,346418413,20190415,,,,22582933+3939456,,J225829.29+393945.1,1928635204341595264,,,STAR,tmgaia2,344.622176466802,39.6626832305606,tmgaia2,-0.901716,0.219025,-3.14555,0.235331,gaia2,0.474245,0.187133,gaia2,100.385725467951,-18.2132293631528,5.12655448323139,41.8206464181952,19.363,0.137,18.4484,0.0554,,,,,,,,,,,16.38,0.12,15.75,0.143,15.157,0.162,BBC-222-111-000-0-0,,15.593,0.042,15.635,0.117,12.393,,8.847,,18.093,0.011713,17.3987,0.0135,rered,gaia2,4694.0,163.0,4.63819,,,,0.687813,,0.75,,2.30489,,DWARF,0.206922457,,1785.11,589.045,0.0916155,0.005524215,,,,,,0.00350652,0.00754191,panstarrs,,,,,,,,,,,442.54,735.55,bj2018,,,dered,18.6881,0.048261,17.3113,0.034969,1,,gaia2,bpbj,,3.61071897799534,3.64927059329125,344.62217142353,39.6626696872204,0.114163802682498,0.109396519734551,1,0,490472921
41,346418417,20190415,,,,22583499+3940235,,J225834.98+394023.4,1928634590163431040,,,STAR,tmgaia2,344.645797974508,39.6731811781472,tmgaia2,-3.21057,0.112546,-3.34222,0.116151,gaia2,0.320056,0.0948323,gaia2,100.407782495994,-18.2118753273632,5.15472362835624,41.8202888863283,17.185,0.093,17.0822,0.0459,,,,,,,,,,,15.835,0.07,15.348,0.11,15.381,0.19,ABC-222-111-000-0-0,,15.378,0.041,15.223,0.084,12.503,,8.666,,16.9159,0.000837,16.4416,0.0069,rered,gaia2,5886.0,124.0,4.49559,,,,0.968126,,1.07,,1.1792,,DWARF,1.01353729,,2519.8,579.6,0.0921577,0.005160235,,,,,,0.00303177,0.0072887,panstarrs,,,,,,,,,,,471.81,687.39,bj2018,,,dered,17.2836,0.006491,16.3765,0.003298,1,,gaia2,bpbj,,1.85545392493123,1.80127715958865,344.645780015154,39.6731667880348,0.0594503371660829,0.0580817502791418,1,0,490472925
42,346418362,20190415,,,649-113157,22582439+3936278,,J225824.38+393627.7,1928633937328406016,50779814,,STAR,tmgaia2,344.601630590377,39.6077380139017,tmgaia2,-7.70087,0.06153,-10.0655,0.0697657,gaia2,0.65008,0.0516253,gaia2,100.345138261292,-18.2554585574876,5.07043389079952,41.7816707253894,16.717,0.0,16.147,0.252,,,,,,,,,,,14.497,0.039,14.085,0.044,14.075,0.064,AAA-222-111-000-0-0,,14.047,0.025,14.107,0.04,12.6,,8.792,,15.7583,0.000561,15.2369,0.007,rered,gaia2,5631.0,123.0,4.3761,,,,1.07395,,1.0,,0.807335,,DWARF,1.0447228,,1469.22,113.83,0.102709,0.005552875,,,,,,0.00341813,0.00768762,panstarrs,,,,,,,,,,,105.3,122.36,bj2018,,,dered,16.1796,0.003347,15.178,0.001928,1,,ucac4,apassdr9,,1.01421360500948,1.08193209383295,344.60158755383,39.6076946763398,0.033348506216206,0.034922017181555,1,0,490472870
43,346418418,20190415,,,,22583912+3940287,,J225838.96+394029.4,1928634620226059520,,,STAR,tmgaia2,344.662920765962,39.6746698340736,tmgaia2,-0.670973,0.188323,-2.3232,0.190247,gaia2,0.40159,0.158027,gaia2,100.420916415523,-18.2163766464569,5.17091325327618,41.814781791455,18.965,0.154,18.2252,0.0461,,,,,,,,,,,16.551,0.138,16.273,0.22,15.513,,BDU-220-110-000-0-0,,15.688,0.047,16.0,0.159,12.415,0.391,9.028,,17.9883,0.00137,17.4171,0.007,rered,gaia2,5299.0,126.0,4.8421,,,,0.599107,,0.91,,4.23184,,DWARF,0.2549638,,2017.61,612.52,0.0920258,0.00534336,,,,,,0.00342074,0.00726598,panstarrs,,,,,,,,,,,471.89,753.15,bj2018,,,dered,18.469,0.010908,17.3635,0.006452,1,,gaia2,bpbj,,3.10472105417419,2.95032934774987,344.662917012578,39.6746598314069,0.0988120927507638,0.0940943026006534,1,0,490472926
44,346418428,20190415,,,,22581803+3941453,,J225818.03+394145.3,1928638502876521344,,,STAR,tmgaia2,344.575205418364,39.6959207494048,tmgaia2,-4.82629,0.110222,-1.82507,0.10914,gaia2,0.227742,0.0884832,gaia2,100.367140129696,-18.1674054994128,5.10791944415396,41.8677511837124,17.217,0.087,17.0163,0.046,,,,,,,,,,,15.674,0.061,15.19,0.088,15.029,0.146,AAB-222-111-000-0-0,,15.066,0.034,15.32,0.092,12.551,,9.05,,16.8246,0.001861,16.3126,0.0072,rered,gaia2,5648.0,125.0,4.1845,,,,1.339,,1.0,,0.416537,,DWARF,1.64375758,,3051.43,719.72,0.0928961,0.00539906,,,,,,0.00544517,0.00535295,panstarrs,,,,,,,,,,,590.77,848.67,bj2018,,,dered,17.2307,0.007016,16.2478,0.00439,1,,gaia2,bpbj,,1.81721456902973,1.69254606679981,344.575178412068,39.6959128914676,0.0564644223444563,0.0544499709779707,1,0,490472936
45,346418433,20190415,,,,22582138+3942153,,J225821.54+394216.6,1928635582298771584,,,STAR,tmgaia2,344.589119581809,39.7042332706758,tmgaia2,0.35472,0.147751,-0.525981,0.142777,gaia2,0.236213,0.119551,gaia2,100.381119322278,-18.1647066621277,5.12599103230165,41.8693642341028,17.004,0.14,17.7241,0.046,,,,,,,,,,,16.169,0.126,15.883,0.162,15.753,0.27,BCD-222-111-000-0-0,,15.409,0.038,15.516,0.111,12.554,,9.144,,17.5405,0.001145,17.04,0.007,rered,gaia2,5720.0,127.0,4.59255,,,,0.845392,,1.02,,1.68821,,DWARF,0.6892788,,2754.11,765.94,0.0928606,0.005372515,,,,,,0.00549104,0.00525399,panstarrs,,,,,,,,,,,613.08,918.8,bj2018,,,dered,17.9374,0.009539,16.9779,0.0064,1,,gaia2,bpbj,,2.43604380261655,2.21419432317756,344.589121566942,39.7042310060354,0.076650046780432,0.0713790438397822,1,0,490472941
46,346418435,20190415,,,,22582456+3942180,,J225824.61+394217.4,1928635582298771456,,,STAR,tmgaia2,344.602413734496,39.7049895897049,tmgaia2,-2.0897,0.180103,-1.81543,0.174351,gaia2,0.244583,0.150806,gaia2,100.391119992919,-18.1685653188152,5.13828723385047,41.8647456539562,19.411,0.115,18.1743,0.0465,,,,,,,,,,,16.142,0.095,15.644,0.136,15.634,0.248,ABD-222-111-000-0-0,,15.207,0.037,15.409,0.096,12.757,,9.119,,17.8219,0.001235,17.1301,0.0068,rered,gaia2,4708.0,125.0,4.23278,,,,1.09692,,0.75,,0.568253,,DWARF,0.532582343,,2528.56,783.32,0.0928311,0.00533799,,,,,,0.00549032,0.00518566,panstarrs,,,,,,,,,,,616.55,950.09,bj2018,,,dered,18.4417,0.014676,17.071,0.00553,1,,gaia2,bpbj,,2.96945395431941,2.70389498217721,344.602402039701,39.7049817732707,0.093419720831647,0.0886759189567495,1,0,490472943
47,346418368,20190415,,,649-113167,22583047+3937109,,,1928634006047882624,,,STAR,tmgaia2,344.626982078207,39.6197257918748,tmgaia2,-4.01531,0.0386575,-0.692884,0.0408867,gaia2,0.260973,0.0331314,gaia2,100.369168196956,-18.2533757303293,5.10116292167864,41.7819068941971,14.637,0.058,14.953,0.011,,,,,,,,,,,14.256,0.023,14.142,0.042,14.194,0.075,AAA-222-111-000-0-0,,,,,,,,,,14.8316,0.000356,14.6419,0.0075,rered,gaia2,7949.0,122.0,4.16836,,,,1.88525,,1.91,,0.285051,,DWARF,12.7845335,,3307.87,361.79,0.104989,0.005746695,,,,,,0.0039966,0.00749679,panstarrs,,,,,,,,,,,325.28,398.3,bj2018,,,dered,14.9642,0.001257,14.5768,0.001181,1,,ucac4,bpbj,,0.637243131752174,0.634127510410762,344.626959634639,39.6197228086265,0.0215019778520579,0.0220552045315522,1,0,490472876
48,346418373,20190415,,,649-113172,22583671+3937365,,J225836.70+393736.4,1928634177846575104,50924582,,STAR,tmgaia2,344.652958219788,39.6268158821365,tmgaia2,-2.37318,0.025708,-3.17685,0.028701,gaia2,0.888541,0.0219297,gaia2,100.391363557834,-18.255886080386,5.12906297762785,41.7776955847123,14.261,0.052,13.505,0.08,,,,,,,,,,,12.089,0.021,11.783,0.028,11.709,0.023,AAA-222-111-000-0-0,,11.672,0.022,11.713,0.021,11.845,0.25,9.078,,13.3201,0.000267,12.8239,0.0071,rered,gaia2,5779.0,132.369,3.72907,0.0802862,,,2.30684,0.128438,1.04,0.129898,0.0847195,0.0191821,DWARF,5.347353,0.2992615,1090.01,26.255,0.100476,0.006049065,169.0,0.02517569,,,0.000114478637,0.00453214,0.00756599,panstarrs,0.125979,0.133816,0.109459,0.147416,0.0163737,0.0219904,0.0752606,0.0853117,0.289879,0.308644,25.64,26.87,bj2018,152.942,111.796,dered,13.7165,0.001262,12.7657,0.000856,1,,ucac4,apassdr9,,0.423777599377638,0.445109303885116,344.652944953543,39.626802204033,0.0139672527792147,0.0147302177459433,1,0,490472881
49,346418376,20190415,,,,22583776+3937548,,J225837.76+393754.9,1928634212206313088,,,STAR,tmgaia2,344.657353867965,39.6320138951583,tmgaia2,-1.6676,2.33252,10.3215,2.33249,hsoy,,,,100.396983958012,-18.2527251932043,5.13654173841246,41.7804116733629,18.179,0.092,17.9954,0.0497,,,,,,,,,,,15.686,0.066,15.476,0.117,15.118,0.168,ABC-222-111-000-0-0,,14.962,0.033,15.03,0.072,12.327,,9.17,,17.7104,0.002433,17.0914,0.0065,gbprp,,,,,,,,,,,,,,DWARF,,,,,,,,,,,,,,,,,,,,,,,,,,,,,,,17.8929,0.031792,16.6701,0.030854,0,,gaia2,bpbj,,38.4312851722041,36.1542196127627,344.657344545262,39.6320583349507,0.2179236980002,0.212519137616997,1,0,490472884
50,346418379,20190415,,,649-113177,22584217+3938019,,J225842.31+393801.9,1928634246566052352,50781295,,STAR,tmgaia2,344.67571034015,39.6338966492602,tmgaia2,-4.95895,0.0716062,-5.33369,0.0766942,gaia2,0.407072,0.0659745,gaia2,100.411209517198,-18.2572962769272,5.15409717519154,41.7747538547447,16.459,0.062,16.225,0.389,,,,,,,,,,,14.667,,14.896,0.107,14.673,0.113,UAB-622-022-0cc-0-0,,14.173,0.027,14.252,0.043,11.968,,8.967,,16.2186,0.00065,15.7553,0.0072,rered,gaia2,6011.0,123.0,4.37015,,,,1.13926,,1.11,,0.750683,,DWARF,1.52660191,,2214.2,329.75,0.104717,0.005831905,,,,,,0.00401768,0.00764613,panstarrs,,,,,,,,,,,285.08,374.42,bj2018,,,dered,16.5766,0.003403,15.6912,0.003465,1,,ucac4,bpbj,,1.18036219150349,1.18935281776266,344.675682616431,39.6338736847654,0.0376722331442729,0.0375439711266372,1,0,490472887
51,346418389,20190415,,,,22583911+3938410,,J225839.08+393841.1,1928634517146801408,,,STAR,tmgaia2,344.663014308105,39.6447631547399,tmgaia2,-37.4939,0.177198,2.08804,0.190324,gaia2,4.89647,0.150971,gaia2,100.407043892567,-18.2432243837395,5.15035093080566,41.7891018514828,19.232,0.168,18.2414,0.0477,,,,,,,,,,,14.51,0.035,13.915,0.044,13.699,0.049,AAA-222-111-000-0-0,,13.508,0.025,13.323,0.03,12.708,,8.924,,17.2527,0.001634,15.9914,0.0077056,cdwrf,cdwrf,3519.0,157.0,4.93388,0.000746791,,,0.292684,0.0125556,0.268292,0.022603,10.7007,0.474089,DWARF,0.0118350405,0.00314771081,203.345,6.299,0.0226247,0.0167301651,172.0,0.06251634,,,0.00017217471,0.00553743,0.0279229,panstarrs,,,,,,,,,,,6.107,6.491,bj2018,,,cdwrf,18.3828,0.015661,16.0347,0.002638,1,,gaia2,bpbj,cooldwarfs_v8,2.92104080554807,2.95146053646185,344.662804660152,39.6447721451006,0.0930574893511682,0.0921384708343396,1,0,490472897
52,346418395,20190415,,,649-113143,22581262+3939008,,J225812.63+393900.9,1928635036840027648,,,STAR,tmgaia2,344.55261554265,39.650255340305,tmgaia2,10.8339,0.0753942,2.6643,0.0789236,gaia2,0.610753,0.0654913,gaia2,100.329398456477,-18.2006009804728,5.05634798618601,41.8375511655916,16.542,0.072,16.109,0.24,,,,,,,,,,,14.264,0.035,13.865,0.047,13.699,0.042,AAA-222-111-000-0-0,,13.621,0.026,13.651,0.037,12.531,0.453,9.009,,15.707,0.000608,15.1156,0.0065,rered,gaia2,5251.0,122.0,4.11349,,,,1.37851,,0.9,,0.343566,,DWARF,1.30161989,,1554.47,163.705,0.109301,0.004117775,,,,,,0.0050878,0.00314775,panstarrs,,,,,,,,,,,147.25,180.16,bj2018,,,dered,16.1989,0.002785,15.0521,0.001654,1,,ucac4,bpbj,,1.24286307308639,1.22396464747854,344.552676125446,39.6502668116121,0.0395135585741194,0.0398486103601799,1,0,490472903
53,346418400,20190415,,,649-113180,22584383+3939186,,J225843.83+393918.5,1928634349645264896,51380003,,STAR,tmgaia2,344.682629671063,39.655165046108,tmgaia2,4.60974,0.061837,0.686632,0.0710767,gaia2,1.51528,0.0545967,gaia2,100.426151258827,-18.240581933115,5.17489837097513,41.7902503203043,17.534,0.0,16.246,1.133,,,,,,,,,,,14.148,0.034,13.646,0.035,13.454,0.05,AAA-222-111-000-0-0,,13.396,0.024,13.419,0.031,12.152,,8.646,,15.8251,0.000619,15.1227,0.0075,rered,gaia2,4635.0,122.0,4.58469,,,,0.726615,,0.74,,1.92894,,DWARF,0.219534039,,648.314,23.146,0.0819587,0.00779949,,,,,,0.00543778,0.0101612,panstarrs,,,,,,,,,,,22.335,23.957,bj2018,,,dered,16.4622,0.002052,15.0646,0.001613,1,,ucac4,apassdr9,,1.01941255896232,1.10214950046637,344.682655450402,39.6551680024431,0.0331046647049863,0.0318621901937648,1,0,490472908
54,346418401,20190415,,,649-113144,22581427+3939193,,J225814.27+393919.3,1928635032542216448,50924570,,STAR,tmgaia2,344.559506180384,39.6553762158698,tmgaia2,-8.37508,0.0273418,-3.21974,0.0274629,gaia2,0.900105,0.0225618,gaia2,100.336796377386,-18.1983696564917,5.06599078024091,41.8392116194778,14.211,0.057,13.582,0.092,,,,,,,,,,,12.439,0.027,12.168,0.033,12.077,0.025,AAA-222-111-000-0-0,,12.004,0.023,12.024,0.024,12.13,0.289,8.869,,13.4473,0.000218,13.0197,0.0066,rered,gaia2,6250.0,122.0,3.99447,,,,1.83312,,1.21,,0.196432,,DWARF,4.619515,,1076.46,26.345,0.106177,0.00405238,,,,,,0.00470652,0.00339824,panstarrs,,,,,,,,,,,25.71,26.98,bj2018,,,dered,13.7754,0.000896,12.9593,0.000733,1,,ucac4,apassdr9,,0.450744375148111,0.42592099922488,344.559459343754,39.6553623531097,0.0146818790789784,0.0144753073617856,1,0,490472909
55,346418402,20190415,,,649-113160,22582610+3939229,,,1928635208638721536,,,STAR,tmgaia2,344.608793041207,39.6563710033546,tmgaia2,-5.2008,0.0814016,-5.94205,0.0803466,gaia2,0.662483,0.0671544,gaia2,100.373056875856,-18.2143189565284,5.11034139242904,41.8205366396351,17.419,0.089,16.532,1.133,,,,,,,,,,,14.694,0.062,14.076,0.06,14.18,0.073,AAA-222-111-ccc-0-0,,,,,,,,,,16.4156,0.000973,15.7159,0.0068,rered,gaia2,4702.0,123.0,4.14488,,,,1.21373,,0.75,,0.419461,,DWARF,0.6487419,,1441.42,144.68,0.10251,0.005539465,,,,,,0.00349116,0.00758777,panstarrs,,,,,,,,,,,130.76,158.6,bj2018,,,dered,17.0304,0.006712,15.6435,0.003839,1,,ucac4,bpbj,,1.34188288148923,1.24605965111025,344.608763955938,39.6563454195316,0.0414818929488234,0.0413822246588393,1,0,490472910
56,346418406,20190415,,,,22583257+3939307,,J225832.55+393930.8,1928634487084217216,,,STAR,tmgaia2,344.635764440728,39.6586101223175,tmgaia2,-2.97173,0.201269,-5.31917,0.202953,gaia2,0.145217,0.170047,gaia2,100.393696917301,-18.2215166702547,5.13577621072933,41.8117707651753,20.376,0.189,18.7676,0.0488,,,,,,,,,,,16.059,0.091,15.47,0.121,15.226,0.163,ABC-222-111-000-0-0,,14.997,0.033,15.182,0.079,12.716,,8.954,,18.1195,0.001803,17.2202,0.0067,rered,gaia2,3998.0,123.0,,,,,1.69232,,,,,,GIANT,,,2725.41,880.28,0.0922496,0.00516434,,,,,,0.00312624,0.00720244,panstarrs,,,,,,,,,,,700.83,1059.73,bj2018,,,dered,19.0286,0.023441,17.1403,0.008543,1,,gaia2,bpbj,,3.31797729560631,3.14739303285188,344.635747820907,39.6585872203373,0.105421177837524,0.101017686730054,0,0,490472914
57,346418411,20190415,,,649-113147,22581613+3939394,,J225816.12+393939.7,1928635139919242496,,,STAR,tmgaia2,344.567199412899,39.6609950263217,tmgaia2,-4.18939,2.26203,3.26719,2.26197,hsoy,,,,100.345009053682,-18.1959655376347,5.07668851894843,41.8409809405689,16.85,0.082,16.573,1.133,,,,,,,,,,,15.108,0.053,14.717,0.068,14.702,0.113,AAB-222-111-000-0-0,,14.513,0.029,14.49,0.049,12.278,,9.128,,16.7012,0.003526,16.1884,0.007,gbprp,,,,,,,,,,,,,,,,,,,,,,,SPLIT,,,,,,,,,,,,,,,,,,,,,,16.7426,0.005558,15.7526,0.004068,0,,ucac4,bpbj,,37.2779544933678,35.0672695262675,344.567175982333,39.6610090933922,0.631324355276139,0.687224520564846,-1,-1,490472919
58,346418414,20190415,,,649-113162,22582617+3939487,,J225826.18+393948.2,1928635277358196864,51379959,,STAR,tmgaia2,344.609063311106,39.6635461969269,tmgaia2,-3.42017,0.052501,-1.65546,0.0517677,gaia2,0.526233,0.0431396,gaia2,100.376602959575,-18.2079801759674,5.11553601996594,41.8265816124292,16.328,0.215,15.644,0.286,,,,,,,,,,,14.355,0.032,14.114,0.046,13.977,0.048,AAA-222-111-000-0-0,,13.817,0.026,13.724,0.035,12.833,0.542,9.18,,15.4416,0.000529,15.0026,0.007,rered,gaia2,6113.0,122.0,4.30356,,,,1.25199,,1.15,,0.585992,,DWARF,1.97204351,,1791.15,140.91,0.0916292,0.005384645,,,,,,0.00324922,0.00752007,panstarrs,,,,,,,,,,,130.22,151.6,bj2018,,,dered,15.7729,0.002523,14.9351,0.001935,1,,ucac4,apassdr9,,0.865529619984339,0.802846514194342,344.609044181954,39.6635390692534,0.0281904270683747,0.026791947924407,1,0,490472922
59,346418421,20190415,,,,22583418+3940439,,J225834.17+394043.6,1928635346077673472,,,STAR,tmgaia2,344.642437721428,39.6788741298101,tmgaia2,-5.90314,0.0998185,-6.10016,0.0999558,gaia2,1.09582,0.0829051,gaia2,100.40799621851,-18.2056257433723,5.15568035943464,41.8265009878935,18.555,0.077,17.2313,0.0461,,,,,,,,,,,15.022,0.047,14.41,0.054,14.263,0.076,AAA-222-111-000-0-0,,14.152,0.026,14.224,0.042,12.479,0.462,8.665,,16.808,0.000873,16.0572,0.0071,rered,gaia2,4473.0,123.0,4.58252,,,,0.708469,,0.7,,1.9685,,DWARF,0.181022063,,891.685,67.696,0.0875998,0.00691137,,,,,,0.00580434,0.0080184,panstarrs,,,,,,,,,,,62.695,72.697,bj2018,,,dered,17.5025,0.007951,15.9917,0.00361,1,,gaia2,bpbj,,1.64570023289188,1.55014216328648,344.642404697597,39.6788478652368,0.054108196094169,0.05063661754583,1,0,490472929
60,346418424,20190415,,,,22583440+3941293,,J225834.40+394129.3,1928635376140324224,,,STAR,tmgaia2,344.643290780118,39.6914688941102,tmgaia2,2.13021,0.127435,2.8321,0.130724,gaia2,0.26612,0.108018,gaia2,100.414488463433,-18.194624758909,5.16513736675018,41.8369607287475,17.735,0.13,17.5372,0.046,,,,,,,,,,,16.083,0.112,15.519,0.124,15.537,0.212,BBD-222-111-000-0-0,,15.638,0.046,15.849,0.148,12.761,,9.197,,17.3492,0.000994,16.8424,0.0069,rered,gaia2,5678.0,127.0,4.51628,,,,0.918447,,1.01,,1.30364,,DWARF,0.7899227,,2698.05,701.355,0.0922469,0.005162495,,,,,,0.00312073,0.00720426,panstarrs,,,,,,,,,,,564.26,838.45,bj2018,,,dered,17.7597,0.010191,16.7875,0.005449,1,,gaia2,bpbj,,2.1010606404441,2.02727076893744,344.643302699288,39.6914810878747,0.0680251030589986,0.065201052937789,1,0,490472932
61,346418429,20190415,,,,22582613+3941483,,J225826.12+394148.3,1928635513579283840,,,STAR,tmgaia2,344.608925501534,39.6968314635201,tmgaia2,-3.91732,0.243989,-3.36009,0.241889,gaia2,0.635718,0.209104,gaia2,100.392038966847,-18.1780991327783,5.1384134308992,41.8551724028833,20.288,0.151,19.126,0.0509,,,,,,,,,,,16.552,0.137,15.695,0.148,15.288,0.182,BBC-222-111-000-0-0,,15.234,0.039,15.349,0.098,12.538,,8.629,,18.4747,0.001845,17.5739,0.007,rered,gaia2,3994.0,123.0,4.46023,,,,0.767566,,0.62,,1.37102,,DWARF,0.135069817,,1453.24,485.05,0.0909592,0.00649149,,,,,,0.00647295,0.00651003,panstarrs,,,,,,,,,,,356.65,613.45,bj2018,,,dered,19.3843,0.031758,17.4912,0.00949,1,,gaia2,bpbj,,4.02271346201861,3.75128468592501,344.60890358124,39.696816996468,0.127818163320646,0.122637782657795,1,0,490472937
62,2041331765,20190415,,,,,,,1928634212203817728,,,STAR,gaia2,344.65747349907,39.6317472766142,gaia2,-0.0678354,0.292022,-4.06959,0.217966,gaia2,0.326109,0.174542,gaia2,100.396946605952,-18.2530050431305,5.13646376864441,41.7801356412252,,,,,,,,,,,,,,,,,,,,,,,,,,,,,,,18.0536,0.001813,17.6236,0.6,goffs,gaia2,,,,,,,,,,,,,,,,2180.39,722.175,0.104687,0.00589343,,,,,,0.0041209,0.00766596,panstarrs,,,,,,,,,,,554.54,889.81,bj2018,,,,,0.0,,0.0,-1,,,,,4.81352379929177,3.38004754944455,344.657473119838,39.6317297547682,0.148593725796281,0.103158251134368,-1,-1,490780042
63,346418431,20190415,,,,22583881+3942063,,J225838.83+394205.7,1928641251655597824,,,STAR,tmgaia2,344.661891459767,39.701715253508,tmgaia2,-1.63107,0.18178,-1.75877,0.178412,gaia2,0.805974,0.160872,gaia2,100.432772031946,-18.1917749383336,5.18868625278456,41.8383759138745,19.243,0.138,18.2315,0.0466,,,,,,,,,,,16.377,0.121,16.087,0.19,15.329,,BCU-220-110-000-0-0,,15.606,0.044,15.666,0.119,12.602,0.456,8.886,,17.9248,0.001223,17.2768,0.0074,rered,gaia2,4897.0,128.0,,,,,,,,,,,DWARF,,,1199.61,256.538,0.089632,0.007089685,,,,,,0.00571158,0.00846779,panstarrs,,,,,,,,,,,207.016,306.06,bj2018,,,dered,18.5006,0.016468,17.2283,0.007906,1,,gaia2,bpbj,,2.99710436951356,2.76694089850108,344.661882332082,39.7017076810264,0.0952915336886825,0.0927480824706577,1,0,490472939
64,346418440,20190415,,,,22581864+3942406,,J225818.63+394240.2,1928638502876541568,,,STAR,tmgaia2,344.577706882105,39.7111978519021,tmgaia2,1.41201,0.284768,-3.47513,0.279967,gaia2,0.866299,0.219637,gaia2,100.376090735951,-18.1545694846926,5.1207003773461,41.8798558241182,19.712,0.158,19.1375,0.0512,,,,,,,,,,,16.438,0.143,15.585,0.131,15.365,0.183,BBC-222-111-000-0-0,,15.432,0.039,15.465,0.104,12.429,,8.974,,18.5049,0.001816,17.615,0.0073,rered,gaia2,4010.0,124.0,4.7127,,,,0.578568,,0.63,,3.25296,,DWARF,0.07797948,,1128.1,326.347,0.0890121,0.00777098,,,,,,0.00934826,0.0061937,panstarrs,,,,,,,,,,,245.254,407.44,bj2018,,,dered,19.427,0.03421,17.5624,0.006639,1,,gaia2,bpbj,,4.69524053203623,4.34156997798136,344.577714784987,39.711182889537,0.148542689170414,0.134422587673333,1,0,490472948
65,2041331845,20190415,,,,,,,1928635517876363392,,,STAR,gaia2,344.608210518682,39.6945103090251,gaia2,2.37783,0.203638,0.397473,0.200391,gaia2,0.337787,0.175545,gaia2,100.390436701763,-18.1799357184414,5.13617571721757,41.8534658365651,,,18.4784,0.0468,,,,,,,,,,,,,,,,,,,,,,,,,,,18.1797,0.001431,17.5397,0.0069,rered,gaia2,4942.0,130.0,4.66484,,,,0.693195,,0.81,,2.43175,,DWARF,0.258236021,,2146.49,711.12,0.0919477,0.0053825,,,,,,0.00471562,0.00604938,panstarrs,,,,,,,,,,,544.99,877.25,bj2018,,,dered,18.7324,0.01821,17.4782,0.010652,1,,gaia2,,,3.35744782027707,3.10775310578894,344.608223823947,39.694512020368,0.107837849320664,0.102555043174729,1,0,490780122
